Workbook

Sheet Sheet1
A1: Date | B1: Coal_RB_4800_FOB_London_Close_USD | C1: Coal_RB_5500_FOB_London_Close_USD | D1: Coal_RB_5700_FOB_London_Close_USD | E1: Coal_RB_6000_FOB_CurrentWeek_Avg_USD | F1: Coal_India_5500_CFR_London_Close_USD | G1: Price_WTI | H1: Price_Brent_Oil | I1: Price_Dubai_Brent_Oil | J1: Price_ExxonMobil | K1: Price_Shenhua | L1: Price_All_Share | M1: Price_Mining | N1: Price_LNG_Japan_Korea_Marker_PLATTS | O1: Price_ZAR_USD | P1: Price_Natural_Gas | Q1: Price_ICE | R1: Price_Dutch_TTF | S1: Price_Indian_en_exg_rate
A2: 43924 | B2: 40.34 | C2: 52.36 | D2: 63.1 | E2: 70.57 | F2: 62.03 | G2: 28.34 | H2: 34.11 | I2: 29.39 | J2: 39.21 | K2: 14.14 | L2: 44598.7 | M2: 35258.3 | N2: 2.845 | O2: 0.05245 | P2: 1.621 | Q2: 80.99 | R2: 6.92 | S2: 45.02
A3: 43928 | B3: 40.34 | C3: 52.36 | D3: 63.1 | E3: 70.57 | F3: 62.03 | G3: 23.63 | H3: 31.87 | I3: 26 | J3: 41.24 | K3: 14.46 | L3: 47496.72 | M3: 38362.12 | N3: 2.805 | O3: 0.05457 | P3: 1.852 | Q3: 82.3 | R3: 7.285 | S3: 48.32
A4: 43929 | B4: 40.34 | C4: 52.36 | D4: 63.1 | E4: 70.57 | F4: 62.03 | G4: 25.09 | H4: 32.84 | I4: 26.16 | J4: 43.85 | K4: 14.24 | L4: 46689.9 | M4: 37469.17 | N4: 2.81 | O4: 0.05493 | P4: 1.783 | Q4: 85.34 | R4: 7.26 | S4: 45.75
A5: 43930 | B5: 33.82 | C5: 43.58 | D5: 54.81 | E5: 59.57 | F5: 54.74 | G5: 22.76 | H5: 31.48 | I5: 23.26 | J5: 43.13 | K5: 14.16 | L5: 48011.56 | M5: 38905.32 | N5: 2.805 | O5: 0.05544 | P5: 1.733 | Q5: 87.38 | R5: 7.28 | S5: 48.33
A6: 43936 | B6: 33.82 | C6: 43.58 | D6: 54.81 | E6: 59.57 | F6: 54.74 | G6: 19.87 | H6: 27.69 | I6: 21.46 | J6: 40.48 | K6: 14.12 | L6: 48301.28 | M6: 40023.44 | N6: 2.795 | O6: 0.05343 | P6: 1.598 | Q6: 86.25 | R6: 6.65 | S6: 49.25
A7: 43937 | B7: 33.82 | C7: 43.58 | D7: 54.81 | E7: 59.57 | F7: 54.74 | G7: 19.87 | H7: 27.82 | I7: 21.71 | J7: 39.15 | K7: 14.12 | L7: 48245.11 | M7: 39594 | N7: 2.47 | O7: 0.05293 | P7: 1.686 | Q7: 88.1 | R7: 6.905 | S7: 50.93
A8: 43938 | B8: 31.49 | C8: 38.44 | D8: 51.1 | E8: 51.7 | F8: 48.89 | G8: 18.27 | H8: 28.08 | I8: 22.23 | J8: 43.22 | K8: 14.24 | L8: 49134.65 | M8: 40768.62 | N8: 2.345 | O8: 0.05318 | P8: 1.753 | Q8: 90.4 | R8: 6.995 | S8: 51.75
A9: 43941 | B9: 31.49 | C9: 38.44 | D9: 51.1 | E9: 51.7 | F9: 48.89 | G9: -37.63 | H9: 25.57 | I9: 21.47 | J9: 41.18 | K9: 14.08 | L9: 48849.52 | M9: 40688.45 | N9: 2.27 | O9: 0.053 | P9: 1.924 | Q9: 89.4 | R9: 6.62 | S9: 54.25
A10: 43942 | B10: 31.49 | C10: 38.44 | D10: 51.1 | E10: 51.7 | F10: 48.89 | G10: 10.01 | H10: 19.33 | I10: 19.07 | J10: 40.96 | K10: 13.84 | L10: 47628.87 | M10: 38702.92 | N10: 2.105 | O10: 0.05266 | P10: 1.821 | Q10: 87.53 | R10: 6.315 | S10: 51.82
A11: 43943 | B11: 31.49 | C11: 38.44 | D11: 51.1 | E11: 51.7 | F11: 48.89 | G11: 13.78 | H11: 20.37 | I11: 20 | J11: 42.13 | K11: 13.66 | L11: 48108.49 | M11: 39991.74 | N11: 2.075 | O11: 0.05255 | P11: 1.939 | Q11: 89.19 | R11: 6.225 | S11: 52.03
A12: 43944 | B12: 31.49 | C12: 38.44 | D12: 51.1 | E12: 51.7 | F12: 48.89 | G12: 16.5 | H12: 21.33 | I12: 20.45 | J12: 43.45 | K12: 13.7 | L12: 49601.82 | M12: 42588.88 | N12: 2.05 | O12: 0.05239 | P12: 1.815 | Q12: 88.5 | R12: 6.055 | S12: 52.32
A13: 43945 | B13: 26.75 | C13: 34.56 | D13: 44.69 | E13: 44.53 | F13: 41.81 | G13: 16.94 | H13: 21.44 | I13: 20.45 | J13: 43.73 | K13: 13.64 | L13: 49527.23 | M13: 42857.87 | N13: 2.025 | O13: 0.05254 | P13: 1.746 | Q13: 88.92 | R13: 5.77 | S13: 52.1
... A930: 45471 | B930: 71.38 | C930: 92.08 | D930: 103.68 | E930: 106.22 | F930: 109.15 | G930: 81.54 | H930: 86.41 | I930: 82.55 | J930: 115.12 | K930: 35.95 | L930: 79707.11 | M930: 51308.87 | N930: 12.635 | O930: 0.05495 | P930: 2.601 | Q930: 136.89 | R930: 34.48 | S930: 180.54

Sheet Sheet2
A1: Column_No | B1: Mean | C1: Median | D1: Mode | E1: Standard Deviation | F1: Variance | G1: Skewness | H1: Kurtosis
A2: B | B2: =AVERAGE(Sheet1!B2:B930) -> 87.918945 | C2: =MEDIAN(Sheet1!B2:B930) -> 76.19 | D2: =_xlfn.MODE.SNGL(Sheet1!B2:B930) -> 33.86 | E2: =_xlfn.STDEV.S(Sheet1!B2:B930) -> 47.897621 | F2: =_xlfn.VAR.S(Sheet1!B2:B930) -> 2294.1821 | G2: =SKEW(Sheet1!B2:B930) -> 1.3524619 | H2: =KURT(Sheet1!B2:B930) -> 2.2615851
A4: C | B4: =AVERAGE(Sheet1!C2:C930) -> 113.35924 | C4: =MEDIAN(Sheet1!C2:C930) -> 95.8 | D4: =_xlfn.MODE.SNGL(Sheet1!C2:C930) -> 47.56 | E4: =_xlfn.STDEV.S(Sheet1!C2:C930) -> 63.829714 | F4: =_xlfn.VAR.S(Sheet1!C2:C930) -> 4074.2323 | G4: =SKEW(Sheet1!C2:C930) -> 1.2815897 | H4: =KURT(Sheet1!C2:C930) -> 1.1970217
A6: D | B6: =AVERAGE(Sheet1!D2:D930) -> 135.00255 | C6: =MEDIAN(Sheet1!D2:D930) -> 108.91 | D6: =_xlfn.MODE.SNGL(Sheet1!D2:D930) -> 51.58 | E6: =_xlfn.STDEV.S(Sheet1!D2:D930) -> 78.299039 | F6: =_xlfn.VAR.S(Sheet1!D2:D930) -> 6130.7394 | G6: =SKEW(Sheet1!D2:D930) -> 1.2900798 | H6: =KURT(Sheet1!D2:D930) -> 0.84501077
A8: E | B8: =AVERAGE(Sheet1!E2:E930) -> 144.21867 | C8: =MEDIAN(Sheet1!E2:E930) -> 115.27 | D8: =_xlfn.MODE.SNGL(Sheet1!E2:E930) -> 115.27 | E8: =_xlfn.STDEV.S(Sheet1!E2:E930) -> 84.102362 | F8: =_xlfn.VAR.S(Sheet1!E2:E930) -> 7073.2074 | G8: =SKEW(Sheet1!E2:E930) -> 1.2815538 | H8: =KURT(Sheet1!E2:E930) -> 0.75938582
A10: F | B10: =AVERAGE(Sheet1!F2:F930) -> 123.65285 | C10: =MEDIAN(Sheet1!F2:F930) -> 111.2 | D10: =_xlfn.MODE.SNGL(Sheet1!F2:F930) -> 48.89 | E10: =_xlfn.STDEV.S(Sheet1!F2:F930) -> 56.892333 | F10: =_xlfn.VAR.S(Sheet1!F2:F930) -> 3236.7376 | G10: =SKEW(Sheet1!F2:F930) -> 0.87335574 | H10: =KURT(Sheet1!F2:F930) -> 0.20299129
A12: G | B12: =AVERAGE(Sheet1!G2:G930) -> 72.099602 | C12: =MEDIAN(Sheet1!G2:G930) -> 75.37 | D12: =_xlfn.MODE.SNGL(Sheet1!G2:G930) -> 71.65 | E12: =_xlfn.STDEV.S(Sheet1!G2:G930) -> 20.546569 | F12: =_xlfn.VAR.S(Sheet1!G2:G930) -> 422.16149 | G12: =SKEW(Sheet1!G2:G930) -> -0.52009406 | H12: =KURT(Sheet1!G2:G930) -> 0.8497433
A14: H | B14: =AVERAGE(Sheet1!H2:H930) -> 76.058041 | C14: =MEDIAN(Sheet1!H2:H930) -> 79.67 | D14: =_xlfn.MODE.SNGL(Sheet1!H2:H930) -> 77.59 | E14: =_xlfn.STDEV.S(Sheet1!H2:H930) -> 20.675626 | F14: =_xlfn.VAR.S(Sheet1!H2:H930) -> 427.4815 | G14: =SKEW(Sheet1!H2:H930) -> -0.40122627 | H14: =KURT(Sheet1!H2:H930) -> -0.073250938
A16: I | B16: =AVERAGE(Sheet1!I2:I930) -> 74.630893 | C16: =MEDIAN(Sheet1!I2:I930) -> 78.49 | D16: =_xlfn.MODE.SNGL(Sheet1!I2:I930) -> 43.96 | E16: =_xlfn.STDEV.S(Sheet1!I2:I930) -> 20.42099 | F16: =_xlfn.VAR.S(Sheet1!I2:I930) -> 417.01684 | G16: =SKEW(Sheet1!I2:I930) -> -0.52047954 | H16: =KURT(Sheet1!I2:I930) -> -0.097902997
A18: J | B18: =AVERAGE(Sheet1!J2:J930) -> 80.66085 | C18: =MEDIAN(Sheet1!J2:J930) -> 86.12 | D18: =_xlfn.MODE.SNGL(Sheet1!J2:J930) -> 64.31 | E18: =_xlfn.STDEV.S(Sheet1!J2:J930) -> 27.739038 | F18: =_xlfn.VAR.S(Sheet1!J2:J930) -> 769.45423 | G18: =SKEW(Sheet1!J2:J930) -> -0.20694491 | H18: =KURT(Sheet1!J2:J930) -> -1.4922049
A20: K | B20: =AVERAGE(Sheet1!K2:K930) -> 21.210291 | C20: =MEDIAN(Sheet1!K2:K930) -> 22.3 | D20: =_xlfn.MODE.SNGL(Sheet1!K2:K930) -> 24.75 | E20: =_xlfn.STDEV.S(Sheet1!K2:K930) -> 6.1122061 | F20: =_xlfn.VAR.S(Sheet1!K2:K930) -> 37.359064 | G20: =SKEW(Sheet1!K2:K930) -> 0.55571123 | H20: =KURT(Sheet1!K2:K930) -> 0.0097486633
A22: L | B22: =AVERAGE(Sheet1!L2:L930) -> 68663.592 | C22: =MEDIAN(Sheet1!L2:L930) -> 69921.37 | D22: =IFERROR(_xlfn.MODE.SNGL(L2:L930),"No Mode") -> No Mode | E22: =_xlfn.STDEV.S(Sheet1!L2:L930) -> 7908.1448 | F22: =_xlfn.VAR.S(Sheet1!L2:L930) -> 62538755 | G22: =SKEW(Sheet1!L2:L930) -> -0.80007859 | H22: =KURT(Sheet1!L2:L930) -> -0.19458183
A24: M | B24: =AVERAGE(Sheet1!M2:M930) -> 52983.185 | C24: =MEDIAN(Sheet1!M2:M930) -> 53269.08 | D24: =IFERROR(_xlfn.MODE.SNGL(L2:M930),"No Mode") -> No Mode | E24: =_xlfn.STDEV.S(Sheet1!M2:M930) -> 7008.6968 | F24: =_xlfn.VAR.S(Sheet1!M2:M930) -> 49121831 | G24: =SKEW(Sheet1!M2:M930) -> 0.30438859 | H24: =KURT(Sheet1!M2:M930) -> -0.3721456
A26: N | B26: =AVERAGE(Sheet1!N2:N930) -> 17.620604 | C26: =MEDIAN(Sheet1!N2:N930) -> 12.935 | D26: =_xlfn.MODE.SNGL(Sheet1!N2:N930) -> 2 | E26: =_xlfn.STDEV.S(Sheet1!N2:N930) -> 12.723932 | F26: =_xlfn.VAR.S(Sheet1!N2:N930) -> 161.89844 | G26: =SKEW(Sheet1!N2:N930) -> 1.0699606 | H26: =KURT(Sheet1!N2:N930) -> 0.71877252
A28: O | B28: =AVERAGE(Sheet1!O2:O930) -> 0.059924424 | C28: =MEDIAN(Sheet1!O2:O930) -> 0.05876 | D28: =_xlfn.MODE.SNGL(Sheet1!O2:O930) -> 0.05506 | E28: =_xlfn.STDEV.S(Sheet1!O2:O930) -> 0.0060377704 | F28: =_xlfn.VAR.S(Sheet1!O2:O930) -> 3.6454672e-05 | G28: =SKEW(Sheet1!O2:O930) -> 0.35269272 | H28: =KURT(Sheet1!O2:O930) -> -1.1889322
A30: P | B30: =AVERAGE(Sheet1!P2:P930) -> 3.6959397 | C30: =MEDIAN(Sheet1!P2:P930) -> 2.859 | D30: =_xlfn.MODE.SNGL(Sheet1!P2:P930) -> 2.52 | E30: =_xlfn.STDEV.S(Sheet1!P2:P930) -> 1.9169038 | F30: =_xlfn.VAR.S(Sheet1!P2:P930) -> 3.6745201 | G30: =SKEW(Sheet1!P2:P930) -> 1.2680663 | H30: =KURT(Sheet1!P2:P930) -> 0.69428661
A32: Q | B32: =AVERAGE(Sheet1!Q2:Q930) -> 112.57497 | C32: =MEDIAN(Sheet1!Q2:Q930) -> 111.72 | D32: =_xlfn.MODE.SNGL(Sheet1!Q2:Q930) -> 90.4 | E32: =_xlfn.STDEV.S(Sheet1!Q2:Q930) -> 13.64555 | F32: =_xlfn.VAR.S(Sheet1!Q2:Q930) -> 186.20102 | G32: =SKEW(Sheet1!Q2:Q930) -> 0.2521742 | H32: =KURT(Sheet1!Q2:Q930) -> -0.88348542
A34: R | B34: =AVERAGE(Sheet1!R2:R930) -> 57.631833 | C34: =MEDIAN(Sheet1!R2:R930) -> 35.655 | D34: =_xlfn.MODE.SNGL(Sheet1!R2:R930) -> 13.9 | E34: =_xlfn.STDEV.S(Sheet1!R2:R930) -> 53.996066 | F34: =_xlfn.VAR.S(Sheet1!R2:R930) -> 2915.5752 | G34: =SKEW(Sheet1!R2:R930) -> 1.7014039 | H34: =KURT(Sheet1!R2:R930) -> 3.0419702
A36: S | B36: =AVERAGE(Sheet1!S2:S930) -> 140.79198 | C36: =MEDIAN(Sheet1!S2:S930) -> 140.62 | D36: =_xlfn.MODE.SNGL(Sheet1!S2:S930) -> 136.45 | E36: =_xlfn.STDEV.S(Sheet1!S2:S930) -> 53.898404 | F36: =_xlfn.VAR.S(Sheet1!S2:S930) -> 2905.038 | G36: =SKEW(Sheet1!S2:S930) -> 0.37889082 | H36: =KURT(Sheet1!S2:S930) -> -0.062053615
